Cancer id,Cancer label,Population id,Country label,Sex,Type,Year,ASR (World),Crude rate,Cumulative risk,Total
11,Lung,11200,Belarus,1,0,2000,59.87702117,75.81756865,8.36074499,3484
11,Lung,11200,Belarus,1,0,2001,59.23404758,74.67371782,8.204052067,3416
11,Lung,11200,Belarus,1,0,2002,57.08768889,72.08441837,7.935269429,3278
11,Lung,11200,Belarus,1,0,2003,58.44058917,73.68609457,8.178290189,3310
11,Lung,11200,Belarus,1,0,2004,58.03247437,72.48549392,8.14585515,3230
11,Lung,11200,Belarus,1,0,2005,55.25781018,69.05583729,7.744698022,3053
11,Lung,11200,Belarus,1,0,2006,56.37836132,70.29815344,7.972338365,3087
11,Lung,11200,Belarus,1,0,2007,55.61226381,70.35687524,7.865065011,3075
11,Lung,11200,Belarus,1,0,2008,56.68765356,73.51626764,8.033256953,3142
11,Lung,11200,Belarus,1,0,2009,54.71223916,72.64431402,7.731975766,3097
11,Lung,11200,Belarus,1,0,2010,56.28915923,75.10140453,7.914747038,3195
11,Lung,11200,Belarus,1,0,2011,53.53090107,71.83838603,7.621488144,3047
11,Lung,11200,Belarus,1,0,2012,50.84207659,68.6875341,7.189208286,2907
11,Lung,11200,Belarus,2,0,2000,3.768321774,6.470050577,0.5402442464,323
11,Lung,11200,Belarus,2,0,2001,4.276777557,7.313174089,0.6212858347,363
11,Lung,11200,Belarus,2,0,2002,3.883404387,6.551437097,0.5456122021,323
11,Lung,11200,Belarus,2,0,2003,4.61201089,7.814990259,0.6569571457,381
11,Lung,11200,Belarus,2,0,2004,4.613999488,7.668226631,0.6551351605,371
11,Lung,11200,Belarus,2,0,2005,4.383794837,7.142552223,0.6024235784,343
11,Lung,11200,Belarus,2,0,2006,3.886000688,6.453923283,0.5405525877,308
11,Lung,11200,Belarus,2,0,2007,4.802436637,7.874639114,0.6470856123,374
11,Lung,11200,Belarus,2,0,2008,4.858663403,8.077755575,0.6495304449,377
11,Lung,11200,Belarus,2,0,2009,4.682209047,8.097336427,0.6674619581,377
11,Lung,11200,Belarus,2,0,2010,4.918523932,8.503891984,0.6899269927,395
11,Lung,11200,Belarus,2,0,2011,4.537929647,7.885494837,0.6376244947,365
11,Lung,11200,Belarus,2,0,2012,5.055425177,8.540100214,0.6904890612,394
11,Lung,12400,Canada,1,0,2000,38.30767969,48.57349157,5.891425149,5373
11,Lung,12400,Canada,1,0,2001,37.34712547,47.74939972,5.762747901,5345
11,Lung,12400,Canada,1,0,2002,35.55461968,46.34576812,5.506165267,5234
11,Lung,12400,Canada,1,0,2003,34.47628886,45.69101271,5.383616477,5205
11,Lung,12400,Canada,1,0,2004,33.89971121,45.56412335,5.303243809,5237
11,Lung,12400,Canada,1,0,2005,33.58166975,45.61517651,5.232417945,5292
11,Lung,12400,Canada,1,0,2006,32.97741581,45.36576274,5.126464215,5316
11,Lung,12400,Canada,1,0,2007,31.90599398,44.97688718,5.0268703,5327
11,Lung,12400,Canada,1,0,2008,30.68021242,44.11609799,4.839686481,5277
11,Lung,12400,Canada,1,0,2009,30.4345445,44.79755774,4.804865256,5413
11,Lung,12400,Canada,1,0,2010,29.54513853,44.52778124,4.653454352,5440
11,Lung,12400,Canada,1,0,2011,28.14720597,43.48459591,4.477023531,5360
11,Lung,12400,Canada,1,0,2012,28.0248778,44.55730226,4.449583889,5554
11,Lung,12400,Canada,2,0,2000,27.44496826,37.14922011,4.020837467,4073
11,Lung,12400,Canada,2,0,2001,26.90981649,36.72634706,3.943491157,4073
11,Lung,12400,Canada,2,0,2002,27.06965034,37.20023851,3.987474235,4160
11,Lung,12400,Canada,2,0,2003,26.32094648,37.00294747,3.923143927,4173
11,Lung,12400,Canada,2,0,2004,26.92341806,38.27990251,3.974718593,4358
11,Lung,12400,Canada,2,0,2005,27.64356703,40.09156677,4.119135103,4608
11,Lung,12400,Canada,2,0,2006,27.77526881,40.8604677,4.155972766,4744
11,Lung,12400,Canada,2,0,2007,27.25453756,40.71661931,4.054983337,4780
11,Lung,12400,Canada,2,0,2008,26.47039034,40.51293707,4.026271447,4811
11,Lung,12400,Canada,2,0,2009,26.55557846,41.39206544,4.002160705,4972
11,Lung,12400,Canada,2,0,2010,25.09588994,39.99886799,3.825901828,4862
11,Lung,12400,Canada,2,0,2011,25.61463301,41.67390427,3.911832652,5115
11,Lung,12400,Canada,2,0,2012,25.88040047,43.39465488,4.00473114,5384
11,Lung,15200,Chile,1,0,2000,14.7273578,13.52943498,2.460253714,24
11,Lung,15200,Chile,1,0,2001,8.445495115,7.29816367,1.077729362,13
11,Lung,15200,Chile,1,0,2002,6.229585876,5.591183821,0.9869398761,10
11,Lung,15200,Chile,1,0,2003,8.420890831,7.794362449,1.029704703,14
11,Lung,15200,Chile,1,0,2004,7.409632964,7.208406111,1.238726599,13
11,Lung,15200,Chile,1,0,2005,8.721963495,8.83543451,1.461748884,16
11,Lung,15200,Chile,1,0,2006,10.72757573,11.01436824,1.650270684,20
11,Lung,15200,Chile,1,0,2007,6.981845717,7.14164071,1.111733194,13
11,Lung,15200,Chile,1,0,2008,9.887342617,10.42655589,1.61863204,19
11,Lung,15200,Chile,1,0,2009,8.291255367,9.307826239,1.457935702,17
11,Lung,15200,Chile,1,0,2010,4.704438485,5.46206324,0.8485395453,10
11,Lung,15200,Chile,1,0,2011,9.811666261,11.4621313,1.500276911,21
11,Lung,15200,Chile,1,0,2012,7.305317614,8.724956648,1.181406027,16
11,Lung,15200,Chile,2,0,2000,2.684685939,2.865428038,0.5175921356,5
11,Lung,15200,Chile,2,0,2001,2.172775023,2.281412194,0.3319784364,4
11,Lung,15200,Chile,2,0,2002,2.741559337,2.838151569,0.3993482951,5
11,Lung,15200,Chile,2,0,2003,2.532170112,2.82469917,0.4174485775,5
11,Lung,15200,Chile,2,0,2004,2.685440517,3.373667401,0.4970698698,6
11,Lung,15200,Chile,2,0,2005,2.182165872,2.798079398,0.3797119461,5
11,Lung,15200,Chile,2,0,2006,5.709624489,6.134866678,0.7878136973,11
11,Lung,15200,Chile,2,0,2007,2.790348877,3.334982297,0.4782224592,6
11,Lung,15200,Chile,2,0,2008,4.158891198,4.992566623,0.6509548776,9
11,Lung,15200,Chile,2,0,2009,0.8657593437,1.105986706,0.1333067415,2
11,Lung,15200,Chile,2,0,2010,3.459794159,4.409997464,0.5339239978,8
11,Lung,15200,Chile,2,0,2011,4.768664452,6.050937895,0.7135517164,11
11,Lung,15200,Chile,2,0,2012,4.204395988,5.489980785,0.6780413788,10
11,Lung,15600,China,1,0,2000,42.26787636,57.02688192,6.514958148,3553
11,Lung,15600,China,1,0,2001,41.21635762,56.11269296,6.413843394,3485
11,Lung,15600,China,1,0,2002,39.52756919,54.838898,6.092705379,3391
11,Lung,15600,China,1,0,2003,37.60369739,55.64566307,5.754314995,3402
11,Lung,15600,China,1,0,2004,36.10412166,55.25110215,5.557779255,3368
11,Lung,15600,China,1,0,2005,34.29360115,53.43693502,5.227218822,3240
11,Lung,15600,China,1,0,2006,34.08225835,54.70308171,5.16618382,3302
11,Lung,15600,China,1,0,2007,32.59125124,53.32580472,4.856897764,3211
11,Lung,15600,China,1,0,2008,32.79930061,54.73457407,4.96135737,3276
11,Lung,15600,China,1,0,2009,31.04339002,53.72918477,4.682241912,3201
11,Lung,15600,China,1,0,2010,31.47355916,56.47723262,4.745336454,3352
11,Lung,15600,China,1,0,2011,30.22894158,56.3897821,4.476571426,3343
11,Lung,15600,China,1,0,2012,32.25393582,61.12093268,4.822540133,3635
11,Lung,15600,China,2,0,2000,16.61217946,23.47018264,2.483758605,1445
11,Lung,15600,China,2,0,2001,17.32972257,24.73670305,2.605598223,1528
11,Lung,15600,China,2,0,2002,16.24961814,23.19859664,2.420826664,1435
11,Lung,15600,China,2,0,2003,14.72798431,22.44206866,2.223964652,1377
11,Lung,15600,China,2,0,2004,15.23595547,23.45355935,2.286946507,1444
11,Lung,15600,China,2,0,2005,15.81248489,24.80997812,2.384728893,1529
11,Lung,15600,China,2,0,2006,14.94788322,23.82705221,2.188754518,1471
11,Lung,15600,China,2,0,2007,14.77967622,23.6345025,2.182727627,1465
11,Lung,15600,China,2,0,2008,14.68308517,24.10356504,2.174042217,1495
11,Lung,15600,China,2,0,2009,15.31521967,25.56431743,2.230290333,1589
11,Lung,15600,China,2,0,2010,15.62782564,26.51801216,2.259988398,1657
11,Lung,15600,China,2,0,2011,15.68744126,27.34156107,2.232518746,1717
11,Lung,15600,China,2,0,2012,17.5718075,31.29873164,2.519185884,1983
11,Lung,17000,Colombia,1,0,2000,13.20083153,9.402207638,1.989529586,80
11,Lung,17000,Colombia,1,0,2001,16.19990468,11.78957686,2.549680576,102
11,Lung,17000,Colombia,1,0,2002,14.3376577,10.56992345,2.282416516,93
11,Lung,17000,Colombia,1,0,2003,13.71715216,10.26861822,2.366115871,93
11,Lung,17000,Colombia,1,0,2004,12.82384686,9.972597038,2.091632244,92
11,Lung,17000,Colombia,1,0,2005,14.72678853,11.59815068,2.244014101,109
11,Lung,17000,Colombia,1,0,2006,13.94324715,11.27883151,2.289491591,108
11,Lung,17000,Colombia,1,0,2007,12.76871369,10.6580637,1.959390518,104
11,Lung,17000,Colombia,1,0,2008,12.40420747,10.32863575,1.914665528,106
11,Lung,17000,Colombia,1,0,2009,10.99847419,9.157244344,1.810108625,95
11,Lung,17000,Colombia,1,0,2010,9.486216137,7.916025278,1.681112388,83
11,Lung,17000,Colombia,1,0,2011,9.290832928,8.115626923,1.564148603,86
11,Lung,17000,Colombia,1,0,2012,9.706612806,8.590808582,1.581740336,92
11,Lung,17000,Colombia,2,0,2000,7.665357129,6.117369109,1.160003592,58
11,Lung,17000,Colombia,2,0,2001,8.961464476,7.566750661,1.430040717,73
11,Lung,17000,Colombia,2,0,2002,7.049604081,6.110296971,1.058209488,60
11,Lung,17000,Colombia,2,0,2003,6.914217932,6.066289629,1.013243929,61
11,Lung,17000,Colombia,2,0,2004,7.375489787,6.732784563,1.155039784,69
11,Lung,17000,Colombia,2,0,2005,7.263330767,6.700064895,1.079318983,70
11,Lung,17000,Colombia,2,0,2006,6.978222131,6.75797441,1.089671108,72
11,Lung,17000,Colombia,2,0,2007,6.571672771,6.532874621,0.9529602762,71
11,Lung,17000,Colombia,2,0,2008,4.680674646,4.597634832,0.6705166945,51
11,Lung,17000,Colombia,2,0,2009,6.125107929,6.335637066,0.9359366611,71
11,Lung,17000,Colombia,2,0,2010,6.310110064,6.62696379,0.9904943056,75
11,Lung,17000,Colombia,2,0,2011,6.65484843,7.174705837,0.9880176328,82
11,Lung,17000,Colombia,2,0,2012,5.538008161,6.06483832,0.8343221911,70
11,Lung,18800,Costa Rica,1,0,2000,8.298822995,5.408795211,1.297913774,106
11,Lung,18800,Costa Rica,1,0,2001,8.368321546,5.498570372,1.274160196,110
11,Lung,18800,Costa Rica,1,0,2002,6.71548532,4.313311074,1.123622818,88
11,Lung,18800,Costa Rica,1,0,2003,8.101257568,5.633616763,1.307944721,116
11,Lung,18800,Costa Rica,1,0,2004,7.662766832,5.40809846,1.199606626,113
11,Lung,18800,Costa Rica,1,0,2005,7.024143893,5.143086324,1.10617786,109
11,Lung,18800,Costa Rica,1,0,2006,8.135114946,6.003515547,1.275458286,129
11,Lung,18800,Costa Rica,1,0,2007,6.549324135,4.866068354,1.036157005,106
11,Lung,18800,Costa Rica,1,0,2008,5.979561362,4.574892807,1.005174557,101
11,Lung,18800,Costa Rica,1,0,2009,7.531470976,6.174380616,1.171305335,138
11,Lung,18800,Costa Rica,1,0,2010,7.115638101,5.884481869,1.112403131,133
11,Lung,18800,Costa Rica,1,0,2011,6.074978821,5.254073878,0.9631707187,120
11,Lung,18800,Costa Rica,2,0,2000,3.897908231,2.811357886,0.6093109074,53
11,Lung,18800,Costa Rica,2,0,2001,2.882944516,2.131030296,0.4612648809,41
11,Lung,18800,Costa Rica,2,0,2002,3.21248966,2.395997155,0.5362451821,47
11,Lung,18800,Costa Rica,2,0,2003,3.223356476,2.46878001,0.5009008552,49
11,Lung,18800,Costa Rica,2,0,2004,3.738271685,2.879695269,0.5759430741,58
11,Lung,18800,Costa Rica,2,0,2005,4.483393899,3.523854784,0.7075143609,72
11,Lung,18800,Costa Rica,2,0,2006,3.380254342,2.799427758,0.4994962354,58
11,Lung,18800,Costa Rica,2,0,2007,3.745672322,3.09423026,0.5459961944,65
11,Lung,18800,Costa Rica,2,0,2008,3.679496399,3.193545281,0.5423153472,68
11,Lung,18800,Costa Rica,2,0,2009,2.825370282,2.458230946,0.4246480812,53
11,Lung,18800,Costa Rica,2,0,2010,3.523009388,3.20985922,0.5478125545,70
11,Lung,18800,Costa Rica,2,0,2011,3.492632229,3.311674378,0.5342439182,73
11,Lung,21800,Ecuador,1,0,2000,7.359597853,4.770722079,1.181215472,32
11,Lung,21800,Ecuador,1,0,2001,5.648591488,3.967839923,0.9528247878,27
11,Lung,21800,Ecuador,1,0,2002,7.133800545,4.926222573,1.151675926,34
11,Lung,21800,Ecuador,1,0,2003,6.770323153,4.875027243,1.07344332,34
11,Lung,21800,Ecuador,1,0,2004,6.000107861,4.101241262,0.9871122419,29
11,Lung,21800,Ecuador,1,0,2005,8.826505435,6.145611893,1.236561638,44
11,Lung,21800,Ecuador,1,0,2006,5.513018067,3.72231528,0.9134526818,27
11,Lung,21800,Ecuador,1,0,2007,6.026158961,4.325499223,0.9117165519,32
11,Lung,21800,Ecuador,1,0,2008,5.353417187,4.032632059,0.8319905427,30
11,Lung,21800,Ecuador,1,0,2009,6.914274625,5.429744405,1.104893025,41
11,Lung,21800,Ecuador,1,0,2010,5.110286072,3.915043555,0.80538336,30
11,Lung,21800,Ecuador,1,0,2011,6.713764259,5.388940355,1.003841062,42
11,Lung,21800,Ecuador,1,0,2012,4.336540272,3.541282501,0.5485944928,28
11,Lung,21800,Ecuador,2,0,2000,3.119490076,2.243998356,0.4432360757,16
11,Lung,21800,Ecuador,2,0,2001,2.469674285,1.933164964,0.337783581,14
11,Lung,21800,Ecuador,2,0,2002,3.024819992,2.447684151,0.4582973983,18
11,Lung,21800,Ecuador,2,0,2003,5.195406231,4.175680299,0.6777799139,31
11,Lung,21800,Ecuador,2,0,2004,4.461586262,3.583530096,0.6175920724,27
11,Lung,21800,Ecuador,2,0,2005,4.619934955,3.538231906,0.6437234471,27
11,Lung,21800,Ecuador,2,0,2006,5.433480577,4.009789059,0.7072402489,31
11,Lung,21800,Ecuador,2,0,2007,5.730668077,4.439866449,0.8507745948,35
11,Lung,21800,Ecuador,2,0,2008,3.742832503,3.17072583,0.5553428195,25
11,Lung,21800,Ecuador,2,0,2009,5.454328087,4.751348195,0.7865669509,38
11,Lung,21800,Ecuador,2,0,2010,3.724365635,3.575484016,0.4696783822,29
11,Lung,21800,Ecuador,2,0,2011,4.305076328,3.879051184,0.6193751735,32
11,Lung,21800,Ecuador,2,0,2012,4.887341641,4.540544674,0.6329702851,38
11,Lung,27600,Germany,1,0,2000,50.75970581,85.711219,7.31702484,1094
11,Lung,27600,Germany,1,0,2001,44.50537386,76.7510798,6.59187852,980
11,Lung,27600,Germany,1,0,2002,45.43676372,78.90097065,6.715134646,1006
11,Lung,27600,Germany,1,0,2003,44.10590334,76.49619168,6.247777609,974
11,Lung,27600,Germany,1,0,2004,44.24592532,78.26021166,6.404226714,993
11,Lung,27600,Germany,1,0,2005,46.7909306,83.46751512,6.729438919,1058
11,Lung,27600,Germany,1,0,2006,46.04400188,80.403997,6.591408264,1033
11,Lung,27600,Germany,1,0,2007,42.99210422,76.00351788,6.181876756,980
11,Lung,27600,Germany,1,0,2008,44.16878707,79.65608505,6.376946306,1023
11,Lung,27600,Germany,1,0,2009,39.05464341,72.90208983,5.801748512,932
11,Lung,27600,Germany,1,0,2010,41.49450234,75.17955867,5.968866766,961
11,Lung,27600,Germany,1,0,2011,40.99640965,76.66401557,6.070558946,962
11,Lung,27600,Germany,1,0,2012,38.1332379,71.830969,5.732079956,897
11,Lung,27600,Germany,2,0,2000,17.74836949,31.65843287,2.3812839,405
11,Lung,27600,Germany,2,0,2001,19.12226177,34.39262622,2.577266331,440
11,Lung,27600,Germany,2,0,2002,18.53877414,33.01339546,2.492669147,422
11,Lung,27600,Germany,2,0,2003,17.76202075,31.55799388,2.380890927,403
11,Lung,27600,Germany,2,0,2004,18.76286218,34.05684511,2.538568105,434
11,Lung,27600,Germany,2,0,2005,20.05140761,36.0873739,2.630155902,459
11,Lung,27600,Germany,2,0,2006,21.21279385,37.61627025,2.77534257,481
11,Lung,27600,Germany,2,0,2007,23.30396463,41.25721416,3.022570931,529
11,Lung,27600,Germany,2,0,2008,22.10286893,41.06160646,3.002906098,526
11,Lung,27600,Germany,2,0,2009,21.20952279,38.75522902,2.822670562,495
11,Lung,27600,Germany,2,0,2010,23.49528747,44.59541224,3.262869293,569
11,Lung,27600,Germany,2,0,2011,21.9787389,41.40740852,3.026472796,523
11,Lung,27600,Germany,2,0,2012,22.71884327,42.51906801,3.116887909,535
11,Lung,35600,India,1,0,2000,9.358193192,7.661006906,1.258361236,166
11,Lung,35600,India,1,0,2001,10.41171827,8.402647565,1.442713802,184
11,Lung,35600,India,1,0,2002,10.47038723,8.585583811,1.413451682,190
11,Lung,35600,India,1,0,2003,10.63565368,8.822703032,1.442729125,195
11,Lung,35600,India,1,0,2004,11.64310761,9.58429795,1.61331656,213
11,Lung,35600,India,1,0,2005,12.28449922,10.51621175,1.659564885,235
11,Lung,35600,India,1,0,2006,11.24083046,9.568398473,1.539231431,215
11,Lung,35600,India,1,0,2007,12.83256385,11.02062982,1.725125987,249
11,Lung,35600,India,1,0,2008,12.8150115,11.76932825,1.801265273,266
11,Lung,35600,India,1,0,2009,11.40478305,10.39199851,1.614041688,236
11,Lung,35600,India,1,0,2010,11.43932407,10.60518348,1.662437255,242
11,Lung,35600,India,1,0,2011,11.27748495,10.68524708,1.565558884,245
11,Lung,35600,India,1,0,2012,10.35743283,9.852802601,1.472138003,227
11,Lung,35600,India,2,0,2000,2.173640648,1.886626335,0.2843169879,39
11,Lung,35600,India,2,0,2001,3.067889011,2.626183334,0.350021799,55
11,Lung,35600,India,2,0,2002,2.699844857,2.262255771,0.3828234552,48
11,Lung,35600,India,2,0,2003,2.64034023,2.209854352,0.375811666,47
11,Lung,35600,India,2,0,2004,2.362297192,2.144573134,0.2963323018,46
11,Lung,35600,India,2,0,2005,3.059161816,2.681178313,0.4053211453,58
11,Lung,35600,India,2,0,2006,3.953813703,3.575229709,0.4920511464,78
11,Lung,35600,India,2,0,2007,4.071953652,3.681316184,0.5189361167,81
11,Lung,35600,India,2,0,2008,3.856107943,3.665528241,0.4983028788,81
11,Lung,35600,India,2,0,2009,3.824082429,3.681476829,0.4760262947,82
11,Lung,35600,India,2,0,2010,4.461078232,4.320510622,0.5869198864,97
11,Lung,35600,India,2,0,2011,3.004448409,3.093243164,0.4311397005,70
11,Lung,35600,India,2,0,2012,3.919171228,3.901730746,0.5448622204,89
11,Lung,3600,Australia,1,0,2000,29.99103403,39.24684594,4.692805414,3544
11,Lung,3600,Australia,1,0,2001,29.28942732,38.76302349,4.622621598,3538
11,Lung,3600,Australia,1,0,2002,28.07327437,37.57661005,4.449888515,3466
11,Lung,3600,Australia,1,0,2003,26.40082766,35.61580685,4.160295539,3319
11,Lung,3600,Australia,1,0,2004,28.857246,39.10328101,4.536631685,3680
11,Lung,3600,Australia,1,0,2005,27.58607803,37.68804094,4.344195319,3587
11,Lung,3600,Australia,1,0,2006,27.4469972,37.80432089,4.289547176,3645
11,Lung,3600,Australia,1,0,2007,26.69902024,37.33774449,4.189986142,3667
11,Lung,3600,Australia,1,0,2008,25.78861402,36.59080598,4.069700194,3669
11,Lung,3600,Australia,1,0,2009,24.94954573,35.76977503,3.920813675,3664
11,Lung,3600,Australia,1,0,2010,24.69643608,36.09989195,3.872301442,3753
11,Lung,3600,Australia,1,0,2011,24.13067048,35.81135025,3.732789601,3771
11,Lung,3600,Australia,1,0,2012,24.0938752,36.51008085,3.802286004,3909
11,Lung,3600,Australia,1,0,2013,23.96944081,36.71738997,3.761630639,3995
11,Lung,3600,Australia,1,0,2014,23.42707408,36.35749608,3.665689852,4007
11,Lung,3600,Australia,1,0,2015,23.07290235,36.32659454,3.625130973,4054
11,Lung,3600,Australia,1,0,2016,22.41973429,35.80790627,3.528266005,4051
11,Lung,3600,Australia,2,0,2000,15.41185823,20.8358441,2.30990092,1862
11,Lung,3600,Australia,2,0,2001,15.12846624,20.53020811,2.2288122,1856
11,Lung,3600,Australia,2,0,2002,15.4363439,21.20406912,2.298607789,1936
11,Lung,3600,Australia,2,0,2003,14.44578125,19.77818307,2.130891498,1825
11,Lung,3600,Australia,2,0,2004,15.68233875,21.75757871,2.324934796,2027
11,Lung,3600,Australia,2,0,2005,16.69721403,23.43618649,2.48195868,2208
11,Lung,3600,Australia,2,0,2006,16.25418328,23.07595573,2.401476588,2202
11,Lung,3600,Australia,2,0,2007,16.55629097,23.8498915,2.473142958,2316
11,Lung,3600,Australia,2,0,2008,17.17615462,24.97485346,2.54765775,2473
11,Lung,3600,Australia,2,0,2009,17.70089505,26.04918486,2.646101785,2632
11,Lung,3600,Australia,2,0,2010,16.92197002,25.31618186,2.569585474,2598
11,Lung,3600,Australia,2,0,2011,16.75911213,25.44247267,2.531140775,2647
11,Lung,3600,Australia,2,0,2012,17.7943804,27.39507925,2.671889493,2901
11,Lung,3600,Australia,2,0,2013,17.10420673,26.79929969,2.582752789,2888
11,Lung,3600,Australia,2,0,2014,18.01658906,28.49746543,2.713870608,3119
11,Lung,3600,Australia,2,0,2015,17.92397544,28.92376324,2.731100023,3213
11,Lung,3600,Australia,2,0,2016,17.93271116,29.36543813,2.75827689,3315
11,Lung,37600,Israel,1,0,2000,28.10088836,26.60024666,4.180667827,770
11,Lung,37600,Israel,1,0,2001,28.64307085,27.21388145,4.227464612,803
11,Lung,37600,Israel,1,0,2002,29.23591126,27.8508845,4.380624167,836
11,Lung,37600,Israel,1,0,2003,27.87720341,26.66142609,4.142747307,814
11,Lung,37600,Israel,1,0,2004,27.26031014,26.39881527,4.053446633,820
11,Lung,37600,Israel,1,0,2005,29.43146961,28.25859941,4.309229627,893
11,Lung,37600,Israel,1,0,2006,26.38909408,25.6571478,3.957942679,861
11,Lung,37600,Israel,1,0,2007,27.375147,26.98452604,4.048536228,922
11,Lung,37600,Israel,1,0,2008,27.41988377,27.47935025,4.115131475,956
11,Lung,37600,Israel,1,0,2009,27.09586171,27.61312744,4.065177869,983
11,Lung,37600,Israel,1,0,2010,27.20442773,27.93873116,4.033418994,1013
11,Lung,37600,Israel,1,0,2011,24.40345998,25.55974903,3.697573148,944
11,Lung,37600,Israel,1,0,2012,26.20990682,27.70330557,3.89317743,1042
11,Lung,37600,Israel,2,0,2000,10.53504062,11.69724611,1.505990296,337
11,Lung,37600,Israel,2,0,2001,11.23393343,12.42340583,1.628734595,369
11,Lung,37600,Israel,2,0,2002,10.10567749,11.20021208,1.453563052,338
11,Lung,37600,Israel,2,0,2003,11.00524524,12.03718806,1.54039526,369
11,Lung,37600,Israel,2,0,2004,10.49663618,11.55624037,1.486710463,360
11,Lung,37600,Israel,2,0,2005,11.22953792,12.63862997,1.595228156,400
11,Lung,37600,Israel,2,0,2006,10.23049572,11.49605105,1.497337056,388
11,Lung,37600,Israel,2,0,2007,11.76066521,13.30783199,1.735248479,457
11,Lung,37600,Israel,2,0,2008,11.90447986,13.56679672,1.728008367,474
11,Lung,37600,Israel,2,0,2009,11.93843785,13.70227693,1.770747394,490
11,Lung,37600,Israel,2,0,2010,12.18736156,14.06799016,1.757416263,512
11,Lung,37600,Israel,2,0,2011,11.95048734,13.98329186,1.738297464,518
11,Lung,37600,Israel,2,0,2012,11.97392324,14.16424584,1.759414965,534
11,Lung,39200,Japan,1,0,2000,32.7718111,58.72621847,5.181645871,3458
11,Lung,39200,Japan,1,0,2001,32.96722822,60.57127089,5.168512197,3556
11,Lung,39200,Japan,1,0,2002,31.59633375,59.89577861,4.95098135,3506
11,Lung,39200,Japan,1,0,2003,31.861468,62.16811382,5.041103996,3650
11,Lung,39200,Japan,1,0,2004,32.17623413,63.68861577,4.994890449,3718
11,Lung,39200,Japan,1,0,2005,31.09018483,63.28376739,4.842978704,3662
11,Lung,39200,Japan,1,0,2006,32.57754121,67.01829104,5.030501984,3855
11,Lung,39200,Japan,1,0,2007,32.49876431,67.71191284,4.976272494,3871
11,Lung,39200,Japan,1,0,2008,32.56169525,69.43271494,5.022488869,3897
11,Lung,39200,Japan,1,0,2009,32.40344278,70.65683084,5.016063253,3944
11,Lung,39200,Japan,1,0,2010,34.32826378,76.24865961,5.304304949,4233
11,Lung,39200,Japan,2,0,2000,11.32726827,21.47065291,1.699558459,1286
11,Lung,39200,Japan,2,0,2001,10.6812121,20.77356331,1.595463948,1241
11,Lung,39200,Japan,2,0,2002,11.53591655,22.65661004,1.715476905,1350
11,Lung,39200,Japan,2,0,2003,11.10535128,22.2803849,1.651363785,1337
11,Lung,39200,Japan,2,0,2004,11.12811115,22.91025506,1.663567786,1369
11,Lung,39200,Japan,2,0,2005,11.2341766,23.28191755,1.658480209,1381
11,Lung,39200,Japan,2,0,2006,12.03531417,25.70976841,1.810019157,1517
11,Lung,39200,Japan,2,0,2007,12.54931625,26.99287143,1.853417074,1584
11,Lung,39200,Japan,2,0,2008,12.45902693,26.68291136,1.814979802,1537
11,Lung,39200,Japan,2,0,2009,13.43636652,29.84183305,2.000237305,1710
11,Lung,39200,Japan,2,0,2010,13.45386247,30.28297563,1.994629899,1726
11,Lung,41000,Republic of Korea,1,0,2000,36.87540785,27.94046409,5.80620476,3185
11,Lung,41000,Republic of Korea,1,0,2001,37.992084,30.08668474,6.001681503,3430
11,Lung,41000,Republic of Korea,1,0,2002,36.78573834,30.73214437,5.804204836,3499
11,Lung,41000,Republic of Korea,1,0,2003,34.38826854,30.0262209,5.425284009,3404
11,Lung,41000,Republic of Korea,1,0,2004,35.72583166,32.89060177,5.594353351,3718
11,Lung,41000,Republic of Korea,1,0,2005,35.29103388,34.02684379,5.562210544,3838
11,Lung,41000,Republic of Korea,1,0,2006,34.39297814,34.90936882,5.415051193,3932
11,Lung,41000,Republic of Korea,1,0,2007,32.84827404,35.0978655,5.21505014,3952
11,Lung,41000,Republic of Korea,1,0,2008,32.74998119,36.91583642,5.171415955,4156
11,Lung,41000,Republic of Korea,1,0,2009,32.35775541,37.9705649,5.085625943,4270
11,Lung,41000,Republic of Korea,1,0,2010,32.74385956,40.21333594,5.196483263,4506
11,Lung,41000,Republic of Korea,1,0,2011,32.05210635,40.93544617,5.015643094,4569
11,Lung,41000,Republic of Korea,1,0,2012,30.72640688,40.96767444,4.879123917,4560
11,Lung,41000,Republic of Korea,2,0,2000,9.70697574,9.569883514,1.440989073,1067
11,Lung,41000,Republic of Korea,2,0,2001,10.36831589,10.5679132,1.554223681,1178
11,Lung,41000,Republic of Korea,2,0,2002,9.908793929,10.4452459,1.507156671,1163
11,Lung,41000,Republic of Korea,2,0,2003,9.323276081,10.20719249,1.39885613,1133
11,Lung,41000,Republic of Korea,2,0,2004,9.636135743,10.90941969,1.427707066,1209
11,Lung,41000,Republic of Korea,2,0,2005,10.02209461,11.7847418,1.490329423,1305
11,Lung,41000,Republic of Korea,2,0,2006,10.79820684,13.30772132,1.570239037,1473
11,Lung,41000,Republic of Korea,2,0,2007,10.42334729,13.31323763,1.52363335,1474
11,Lung,41000,Republic of Korea,2,0,2008,10.68835467,13.98348883,1.559930651,1549
11,Lung,41000,Republic of Korea,2,0,2009,10.81878233,14.66399452,1.568046568,1624
11,Lung,41000,Republic of Korea,2,0,2010,11.39229722,16.01209135,1.632689812,1769
11,Lung,41000,Republic of Korea,2,0,2011,11.86720288,17.1914101,1.718326318,1894
11,Lung,41000,Republic of Korea,2,0,2012,12.54587439,18.82930287,1.784823856,2071
11,Lung,41400,Kuwait: Kuwaiti,1,0,2000,16.54298749,6.91697896,2.536482954,28
11,Lung,41400,Kuwait: Kuwaiti,1,0,2001,10.32516881,4.539568311,1.660872999,19
11,Lung,41400,Kuwait: Kuwaiti,1,0,2002,11.71290889,5.091673263,1.911964239,22
11,Lung,41400,Kuwait: Kuwaiti,1,0,2003,15.67388843,6.5077723,2.405866161,29
11,Lung,41400,Kuwait: Kuwaiti,1,0,2004,9.383980833,3.917574238,1.619746265,18
11,Lung,41400,Kuwait: Kuwaiti,1,0,2005,8.663177876,3.591718764,1.604491621,17
11,Lung,41400,Kuwait: Kuwaiti,1,0,2006,14.22148021,6.330988145,2.465489145,31
11,Lung,41400,Kuwait: Kuwaiti,1,0,2007,7.586283383,3.37002698,1.23217036,17
11,Lung,41400,Kuwait: Kuwaiti,1,0,2008,11.56477747,5.001365758,1.993954855,26
11,Lung,41400,Kuwait: Kuwaiti,1,0,2009,11.5586479,5.23144472,1.902280745,28
11,Lung,41400,Kuwait: Kuwaiti,1,0,2010,14.07723522,6.533504172,1.935781377,36
11,Lung,41400,Kuwait: Kuwaiti,1,0,2011,8.175773504,3.71327833,1.288340034,21
11,Lung,41400,Kuwait: Kuwaiti,1,0,2012,8.940466492,4.131726321,1.386786493,24
11,Lung,41400,Kuwait: Kuwaiti,2,0,2000,2.57466603,1.204552244,0.3917772525,5
11,Lung,41400,Kuwait: Kuwaiti,2,0,2001,4.143037528,2.093583168,0.574247726,9
11,Lung,41400,Kuwait: Kuwaiti,2,0,2002,2.394693539,0.8987935943,0.5206483984,4
11,Lung,41400,Kuwait: Kuwaiti,2,0,2003,6.469592499,2.824852619,1.107203696,13
11,Lung,41400,Kuwait: Kuwaiti,2,0,2004,6.937090216,3.154103173,1.154802497,15
11,Lung,41400,Kuwait: Kuwaiti,2,0,2005,3.459947198,1.626211273,0.5732729226,8
11,Lung,41400,Kuwait: Kuwaiti,2,0,2006,2.732203937,1.569375212,0.3159720791,8
11,Lung,41400,Kuwait: Kuwaiti,2,0,2007,2.521840724,1.333297779,0.3671208935,7
11,Lung,41400,Kuwait: Kuwaiti,2,0,2008,3.475340626,1.848900459,0.5061748754,10
11,Lung,41400,Kuwait: Kuwaiti,2,0,2009,1.924811618,1.076791377,0.3777285047,6
11,Lung,41400,Kuwait: Kuwaiti,2,0,2010,5.367693242,2.80087037,0.8923025174,16
11,Lung,41400,Kuwait: Kuwaiti,2,0,2011,3.564777827,2.044770245,0.6136067144,12
11,Lung,41400,Kuwait: Kuwaiti,2,0,2012,2.14742929,1.328844055,0.367759874,8
11,Lung,47000,Malta,1,0,2000,38.55799825,48.40404174,5.504461087,88
11,Lung,47000,Malta,1,0,2001,26.47799165,34.8256574,4.290915699,65
11,Lung,47000,Malta,1,0,2002,32.47921438,43.61562929,4.974510524,82
11,Lung,47000,Malta,1,0,2003,31.74721199,42.2730203,5.001517624,80
11,Lung,47000,Malta,1,0,2004,23.2363581,33.08145915,3.716111351,63
11,Lung,47000,Malta,1,0,2005,23.63937765,34.47087211,3.80716371,66
11,Lung,47000,Malta,1,0,2006,27.6452351,42.00830831,4.384275417,81
11,Lung,47000,Malta,1,0,2007,27.89504349,44.28743576,4.265715084,86
11,Lung,47000,Malta,1,0,2008,24.37533014,41.04247897,3.950051476,80
11,Lung,47000,Malta,1,0,2009,24.07698924,39.73165849,3.641697783,78
11,Lung,47000,Malta,1,0,2010,32.63680234,55.8926049,5.158632339,110
11,Lung,47000,Malta,1,0,2011,25.46263413,46.31679671,4.180152975,91
11,Lung,47000,Malta,1,0,2012,20.17660969,36.44148863,3.278639403,72
11,Lung,47000,Malta,1,0,2013,24.01489128,44.12553715,3.914893102,88
11,Lung,47000,Malta,2,0,2000,5.084957931,7.741050792,0.7924351528,14
11,Lung,47000,Malta,2,0,2001,6.073994116,9.11449956,0.856151584,17
11,Lung,47000,Malta,2,0,2002,5.459755033,7.469256009,0.7710519062,14
11,Lung,47000,Malta,2,0,2003,4.747698418,7.96512338,0.6515633703,15
11,Lung,47000,Malta,2,0,2004,4.75567386,7.922507315,0.7846695073,15
11,Lung,47000,Malta,2,0,2005,7.083197028,11.05955835,0.9354104711,21
11,Lung,47000,Malta,2,0,2006,7.277685099,11.54867768,0.9156299968,22
11,Lung,47000,Malta,2,0,2007,6.280249454,10.99994762,0.9060509886,21
11,Lung,47000,Malta,2,0,2008,7.163313013,11.53354164,0.9080235508,22
11,Lung,47000,Malta,2,0,2009,6.835579401,11.46030307,0.8951189976,22
11,Lung,47000,Malta,2,0,2010,10.63352135,18.17709686,1.434102455,35
11,Lung,47000,Malta,2,0,2011,9.941621793,17.66224591,1.347399526,34
11,Lung,47000,Malta,2,0,2012,12.0254441,22.79993575,1.755418759,44
11,Lung,47000,Malta,2,0,2013,8.348702371,14.95346379,1.11483317,29
11,Lung,55400,New Zealand,1,0,2000,28.59610443,35.89216888,4.559337841,650
11,Lung,55400,New Zealand,1,0,2001,24.75064355,31.32547276,3.940664768,572
11,Lung,55400,New Zealand,1,0,2002,24.87930546,31.529051,3.932464739,584
11,Lung,55400,New Zealand,1,0,2003,27.32047597,34.75409488,4.338069397,655
11,Lung,55400,New Zealand,1,0,2004,28.92513405,36.99162711,4.489344152,706
11,Lung,55400,New Zealand,1,0,2005,24.46387322,31.53803789,3.814493058,607
11,Lung,55400,New Zealand,1,0,2006,24.19474033,31.63212555,3.786531149,618
11,Lung,55400,New Zealand,1,0,2007,23.26626678,31.27185736,3.665441914,617
11,Lung,55400,New Zealand,1,0,2008,22.0267126,30.0235469,3.474756926,598
11,Lung,55400,New Zealand,1,0,2009,23.48936515,32.92217852,3.744564945,663
11,Lung,55400,New Zealand,1,0,2010,22.21325923,31.74688849,3.470333309,647
11,Lung,55400,New Zealand,1,0,2011,21.6069498,31.62993944,3.401337823,650
11,Lung,55400,New Zealand,1,0,2012,21.49326946,32.26602296,3.379353597,667
11,Lung,55400,New Zealand,2,0,2000,19.83947298,25.11251175,2.924889973,457
11,Lung,55400,New Zealand,2,0,2001,18.76636329,24.25270345,2.809442422,449
11,Lung,55400,New Zealand,2,0,2002,18.07467672,23.40596826,2.638369142,439
11,Lung,55400,New Zealand,2,0,2003,22.64379624,29.18865002,3.189385925,556
11,Lung,55400,New Zealand,2,0,2004,20.56742922,26.8122932,3.014076093,517
11,Lung,55400,New Zealand,2,0,2005,18.93078784,25.10081475,2.762362661,488
11,Lung,55400,New Zealand,2,0,2006,19.63860619,26.33238884,2.880966272,526
11,Lung,55400,New Zealand,2,0,2007,19.29405482,26.72616834,2.901667809,539
11,Lung,55400,New Zealand,2,0,2008,20.60875801,28.89049665,3.036136072,587
11,Lung,55400,New Zealand,2,0,2009,19.75246173,28.36360978,2.924443949,582
11,Lung,55400,New Zealand,2,0,2010,18.87977485,27.75883548,2.852793689,576
11,Lung,55400,New Zealand,2,0,2011,20.73494443,30.94797917,3.079047544,647
11,Lung,55400,New Zealand,2,0,2012,20.29318551,31.03225069,3.02530228,652
11,Lung,57800,Norway,1,0,2000,28.56184718,38.90118241,4.306626719,815
11,Lung,57800,Norway,1,0,2001,29.42037191,39.97295891,4.47494363,842
11,Lung,57800,Norway,1,0,2002,30.18971736,41.8270588,4.747413575,886
11,Lung,57800,Norway,1,0,2003,31.01276755,43.02613052,4.813971138,917
11,Lung,57800,Norway,1,0,2004,28.88918584,40.34121674,4.454368661,865
11,Lung,57800,Norway,1,0,2005,27.5811205,38.99137374,4.259339731,842
11,Lung,57800,Norway,1,0,2006,30.26385934,43.73337053,4.681219001,953
11,Lung,57800,Norway,1,0,2007,28.6039216,41.86614252,4.433885482,924
11,Lung,57800,Norway,1,0,2008,28.15875643,41.67174179,4.411086779,934
11,Lung,57800,Norway,1,0,2009,28.62978939,43.082699,4.48889055,980
11,Lung,57800,Norway,1,0,2010,26.62957317,41.04355514,4.187394859,947
11,Lung,57800,Norway,1,0,2011,27.06856057,42.4722703,4.274260685,995
11,Lung,57800,Norway,1,0,2012,26.92740634,43.04334978,4.250105433,1024
11,Lung,57800,Norway,1,0,2013,25.44081763,41.38712388,4.073970772,998
11,Lung,57800,Norway,1,0,2014,24.79327918,41.47479791,3.975810402,1012
11,Lung,57800,Norway,1,0,2015,23.56681401,40.43881591,3.877715893,997
11,Lung,57800,Norway,1,0,2016,23.50738116,41.17178768,3.815198358,1024
11,Lung,57800,Norway,2,0,2000,19.16691676,27.85588829,2.742276955,570
11,Lung,57800,Norway,2,0,2001,18.59396816,27.6276954,2.704662854,568
11,Lung,57800,Norway,2,0,2002,18.19246635,26.64538904,2.599014326,551
11,Lung,57800,Norway,2,0,2003,19.95710579,29.7881009,2.968283651,620
11,Lung,57800,Norway,2,0,2004,19.90711283,29.74489574,2.919168257,623
11,Lung,57800,Norway,2,0,2005,19.69372131,29.63138556,2.883368692,625
11,Lung,57800,Norway,2,0,2006,21.18977433,32.50397245,3.125488445,691
11,Lung,57800,Norway,2,0,2007,21.81864546,33.82721376,3.26220355,726
11,Lung,57800,Norway,2,0,2008,21.75174383,34.02676097,3.247848875,739
11,Lung,57800,Norway,2,0,2009,20.8801603,32.94756656,3.076966303,725
11,Lung,57800,Norway,2,0,2010,23.46379644,37.67405751,3.481188193,840
11,Lung,57800,Norway,2,0,2011,21.35128039,35.1097323,3.260044985,793
11,Lung,57800,Norway,2,0,2012,22.65714621,37.76953415,3.468873516,864
11,Lung,57800,Norway,2,0,2013,21.69783279,37.10410054,3.35962954,859
11,Lung,57800,Norway,2,0,2014,23.94153166,41.06906055,3.642501367,961
11,Lung,57800,Norway,2,0,2015,23.64660027,41.95431763,3.703116688,991
11,Lung,57800,Norway,2,0,2016,21.77985957,39.59057551,3.458986233,943
11,Lung,75200,Sweden,1,0,2000,17.26423156,27.22781525,2.696061615,1115
11,Lung,75200,Sweden,1,0,2001,17.40946824,27.80385994,2.741947499,1143
11,Lung,75200,Sweden,1,0,2002,17.54802805,28.40913219,2.737847229,1173
11,Lung,75200,Sweden,1,0,2003,17.03233233,27.92400908,2.660685963,1158
11,Lung,75200,Sweden,1,0,2004,17.93717634,30.03339685,2.82832073,1251
11,Lung,75200,Sweden,1,0,2005,17.07303577,28.93285241,2.678896274,1213
11,Lung,75200,Sweden,1,0,2006,16.18180247,27.80489569,2.556852769,1176
11,Lung,75200,Sweden,1,0,2007,15.61738734,27.34169172,2.488775832,1167
11,Lung,75200,Sweden,1,0,2008,15.8901557,28.26282478,2.506210965,1218
11,Lung,75200,Sweden,1,0,2009,14.91879255,27.03046858,2.348813264,1176
11,Lung,75200,Sweden,1,0,2010,15.90502678,29.41171106,2.539988516,1290
11,Lung,75200,Sweden,1,0,2011,15.64124804,29.16740962,2.462145673,1289
11,Lung,75200,Sweden,1,0,2012,15.39328932,29.32430256,2.442195548,1307
11,Lung,75200,Sweden,1,0,2013,14.53080394,28.07653521,2.331280716,1264
11,Lung,75200,Sweden,1,0,2014,13.67119871,26.95886236,2.235045,1227
11,Lung,75200,Sweden,1,0,2015,14.14123389,27.7299592,2.285292594,1279
11,Lung,75200,Sweden,1,0,2016,12.64527069,24.98212431,2.064191654,1168
11,Lung,75200,Sweden,2,0,2000,13.64182868,22.44991424,1.910399211,900
11,Lung,75200,Sweden,2,0,2001,14.2471888,23.75068889,2.014041137,955
11,Lung,75200,Sweden,2,0,2002,13.71572693,23.39366205,1.973851822,944
11,Lung,75200,Sweden,2,0,2003,14.37983541,24.83632344,2.08720929,1006
11,Lung,75200,Sweden,2,0,2004,15.43513635,26.73256272,2.207178733,1087
11,Lung,75200,Sweden,2,0,2005,14.97098662,26.12245217,2.153558057,1068
11,Lung,75200,Sweden,2,0,2006,15.29898952,27.1456671,2.233238696,1118
11,Lung,75200,Sweden,2,0,2007,16.56240863,29.91112639,2.434970889,1242
11,Lung,75200,Sweden,2,0,2008,15.88134605,28.92144487,2.344514021,1212
11,Lung,75200,Sweden,2,0,2009,16.75971319,31.45490773,2.526982203,1330
11,Lung,75200,Sweden,2,0,2010,16.39698023,30.90941266,2.46670253,1317
11,Lung,75200,Sweden,2,0,2011,16.29665738,31.26176393,2.470373486,1342
11,Lung,75200,Sweden,2,0,2012,15.74702779,30.47296397,2.379514181,1319
11,Lung,75200,Sweden,2,0,2013,15.52137307,30.31921971,2.355176944,1324
11,Lung,75200,Sweden,2,0,2014,16.57538095,33.24264407,2.592278733,1465
11,Lung,75200,Sweden,2,0,2015,16.33812267,33.12883683,2.569356718,1476
11,Lung,75200,Sweden,2,0,2016,14.58628516,29.7611782,2.315463086,1341
11,Lung,7600,Brazil,1,0,2000,18.16111269,11.27849522,2.836636648,58
11,Lung,7600,Brazil,1,0,2001,19.20212254,11.85443518,2.827079352,62
11,Lung,7600,Brazil,1,0,2002,17.87225602,11.10444008,2.658665005,59
11,Lung,7600,Brazil,1,0,2003,23.57125407,15.02122443,3.693012426,81
11,Lung,7600,Brazil,1,0,2004,18.92688532,11.69733867,2.86791269,64
11,Lung,7600,Brazil,1,0,2005,24.89302138,15.39643157,4.00843515,87
11,Lung,7600,Brazil,1,0,2006,23.79968229,14.45494411,3.749588438,83
11,Lung,7600,Brazil,1,0,2007,24.24573717,17.97908203,3.691965018,104
11,Lung,7600,Brazil,1,0,2008,23.26384068,17.29637336,3.714462595,102
11,Lung,7600,Brazil,1,0,2009,15.39074256,12.06749754,2.305907681,72
11,Lung,7600,Brazil,1,0,2010,20.07987091,16.74283013,3.11404027,102
11,Lung,7600,Brazil,1,0,2011,15.09538544,12.32225951,2.412749226,76
11,Lung,7600,Brazil,1,0,2012,13.14357641,10.89602151,2.00233937,68
11,Lung,7600,Brazil,2,0,2000,7.911995438,5.874216994,1.204301778,33
11,Lung,7600,Brazil,2,0,2001,8.894425566,6.475935773,1.494135235,37
11,Lung,7600,Brazil,2,0,2002,8.890191555,6.374749102,1.220882793,37
11,Lung,7600,Brazil,2,0,2003,5.857762593,4.413781864,0.7968983581,26
11,Lung,7600,Brazil,2,0,2004,11.07386669,8.532694441,1.452177677,51
11,Lung,7600,Brazil,2,0,2005,12.26214222,8.747970957,1.701057968,54
11,Lung,7600,Brazil,2,0,2006,12.08026187,8.927731607,1.712356187,56
11,Lung,7600,Brazil,2,0,2007,11.0448689,9.744872939,1.802341113,62
11,Lung,7600,Brazil,2,0,2008,8.812620547,8.162712115,1.29014812,53
11,Lung,7600,Brazil,2,0,2009,10.71538369,10.18803772,1.624923611,67
11,Lung,7600,Brazil,2,0,2010,12.14808118,12.37698485,1.652183271,82
11,Lung,7600,Brazil,2,0,2011,9.876142302,9.690818173,1.481957625,65
11,Lung,7600,Brazil,2,0,2012,8.864702137,8.693307479,1.318400459,59
11,Lung,76400,Thailand,1,0,2000,24.19069185,22.29476807,3.54587247,571
11,Lung,76400,Thailand,1,0,2001,26.68599266,24.93264909,3.8883814,647
11,Lung,76400,Thailand,1,0,2002,26.33346363,25.45001663,3.940163706,658
11,Lung,76400,Thailand,1,0,2003,23.9793054,23.61524647,3.632930669,610
11,Lung,76400,Thailand,1,0,2004,26.06434565,27.12956371,3.914052637,697
11,Lung,76400,Thailand,1,0,2005,25.82881686,27.71696092,3.824747312,714
11,Lung,76400,Thailand,1,0,2006,24.6716495,27.19584178,3.686501929,703
11,Lung,76400,Thailand,1,0,2007,22.42859962,25.46286755,3.443184562,661
11,Lung,76400,Thailand,1,0,2008,22.49220586,26.02473845,3.538759281,679
11,Lung,76400,Thailand,1,0,2009,22.27000435,26.48272793,3.363382375,695
11,Lung,76400,Thailand,1,0,2010,22.77727783,27.82088648,3.422272428,735
11,Lung,76400,Thailand,1,0,2011,22.18404345,28.10180276,3.336358004,742
11,Lung,76400,Thailand,1,0,2012,23.28818488,30.13989461,3.518882474,795
11,Lung,76400,Thailand,2,0,2000,14.19306902,14.05186486,2.004166158,365
11,Lung,76400,Thailand,2,0,2001,12.83071913,12.92874128,1.828331008,339
11,Lung,76400,Thailand,2,0,2002,14.07109052,14.67142877,2.090786161,384
11,Lung,76400,Thailand,2,0,2003,14.25234513,15.23854224,2.109922234,400
11,Lung,76400,Thailand,2,0,2004,12.37486291,13.83526983,1.847107621,364
11,Lung,76400,Thailand,2,0,2005,11.95311862,13.72474439,1.758709046,363
11,Lung,76400,Thailand,2,0,2006,12.99300369,15.44472929,1.91952104,411
11,Lung,76400,Thailand,2,0,2007,12.24814605,15.00133781,1.830647506,402
11,Lung,76400,Thailand,2,0,2008,10.66643985,13.3287818,1.562738742,360
11,Lung,76400,Thailand,2,0,2009,11.25709505,14.38707923,1.666124405,392
11,Lung,76400,Thailand,2,0,2010,12.06789349,15.73915888,1.771866403,433
11,Lung,76400,Thailand,2,0,2011,11.99195764,15.91511936,1.773507392,438
11,Lung,76400,Thailand,2,0,2012,11.68117348,16.09621394,1.76509559,443
11,Lung,79200,Turkey,1,0,2000,68.32752618,62.19650624,9.59637848,1469
11,Lung,79200,Turkey,1,0,2001,61.39930877,56.81479751,8.364022655,1364
11,Lung,79200,Turkey,1,0,2002,66.90798935,62.98858701,9.209845304,1536
11,Lung,79200,Turkey,1,0,2003,64.74431024,61.50903512,8.985365742,1523
11,Lung,79200,Turkey,1,0,2004,70.53068249,68.06728915,9.772469503,1718
11,Lung,79200,Turkey,1,0,2005,67.63899598,66.02712501,9.348000734,1703
11,Lung,79200,Turkey,1,0,2006,70.16918299,70.26010351,9.67983476,1842
11,Lung,79200,Turkey,1,0,2007,71.54047328,70.52538032,9.750871438,1880
11,Lung,79200,Turkey,1,0,2008,71.49521398,70.14535256,9.977035284,1947
11,Lung,79200,Turkey,1,0,2009,65.82632259,66.3635688,9.312730611,1884
11,Lung,79200,Turkey,1,0,2010,64.12282401,65.62516715,9.144980454,1914
11,Lung,79200,Turkey,1,0,2011,60.26136107,63.97824264,8.458927921,1881
11,Lung,79200,Turkey,1,0,2012,59.68600863,64.71699316,8.513499986,1929
11,Lung,79200,Turkey,2,0,2000,5.952537884,5.810207631,0.8477867363,135
11,Lung,79200,Turkey,2,0,2001,5.41253839,5.416121,0.7472758283,128
11,Lung,79200,Turkey,2,0,2002,6.183877625,6.330126069,0.8569314911,152
11,Lung,79200,Turkey,2,0,2003,6.525033127,6.684714028,0.8930696851,163
11,Lung,79200,Turkey,2,0,2004,7.418448855,7.621981795,1.030972315,190
11,Lung,79200,Turkey,2,0,2005,8.157941601,8.634043326,1.104337071,220
11,Lung,79200,Turkey,2,0,2006,8.280611974,8.756150428,1.115234217,228
11,Lung,79200,Turkey,2,0,2007,7.699259521,8.296137708,1.092708017,217
11,Lung,79200,Turkey,2,0,2008,8.479065398,9.126407739,1.190110985,248
11,Lung,79200,Turkey,2,0,2009,8.639248448,9.615221869,1.186738934,267
11,Lung,79200,Turkey,2,0,2010,8.296354541,9.359839929,1.163602836,265
11,Lung,79200,Turkey,2,0,2011,7.699846985,8.849192069,1.075266728,255
11,Lung,79200,Turkey,2,0,2012,8.105645041,9.545474607,1.087803171,279
11,Lung,80000,Uganda,1,0,2000,5.558088287,1.092490222,0.8126531487,8
11,Lung,80000,Uganda,1,0,2001,2.773820127,1.047549585,0.2748039523,8
11,Lung,80000,Uganda,1,0,2002,5.266997089,1.255450223,0.7298460759,10
11,Lung,80000,Uganda,1,0,2003,2.278930837,0.7270550514,0.279107564,6
11,Lung,80000,Uganda,1,0,2004,9.40494409,1.87111962,1.443073888,16
11,Lung,80000,Uganda,1,0,2005,3.874094014,0.7899339841,0.4936597086,7
11,Lung,80000,Uganda,1,0,2006,2.976273064,0.9799310129,0.4559919604,9
11,Lung,80000,Uganda,1,0,2007,6.776432719,1.68065638,0.8708056512,16
11,Lung,80000,Uganda,1,0,2008,2.683178588,1.013240007,0.3618463234,10
11,Lung,80000,Uganda,1,0,2009,1.233098209,0.4886353197,0.1243909787,5
11,Lung,80000,Uganda,1,0,2010,4.57549599,0.9424617667,0.6691158676,10
11,Lung,80000,Uganda,1,0,2011,2.323676482,0.8179029876,0.2542245981,9
11,Lung,80000,Uganda,1,0,2012,3.535494269,0.700957508,0.6794087286,8
11,Lung,80000,Uganda,1,0,2013,3.93454579,1.182550288,0.5408857962,14
11,Lung,80000,Uganda,1,0,2014,3.590453576,1.221291508,0.4693293395,15
11,Lung,80000,Uganda,1,0,2015,5.426597645,1.186539891,0.9698621341,15
11,Lung,80000,Uganda,2,0,2000,1.38488167,0.3795988399,0.13953628,3
11,Lung,80000,Uganda,2,0,2001,3.305571197,0.8456526808,0.3848990567,7
11,Lung,80000,Uganda,2,0,2002,3.192925403,0.9226113592,0.4099702659,8
11,Lung,80000,Uganda,2,0,2003,5.828879291,0.8889432132,0.856621945,8
11,Lung,80000,Uganda,2,0,2004,2.789943166,0.4281692553,0.4591141084,4
11,Lung,80000,Uganda,2,0,2005,4.994374678,1.134055692,0.9150237613,11
11,Lung,80000,Uganda,2,0,2006,7.227618446,1.489135269,1.120533869,15
11,Lung,80000,Uganda,2,0,2007,5.932530964,1.146938058,0.8836837037,12
11,Lung,80000,Uganda,2,0,2008,5.866446245,1.472012895,0.8077973746,16
11,Lung,80000,Uganda,2,0,2009,3.572077334,0.7083212697,0.6389642403,8
11,Lung,80000,Uganda,2,0,2010,2.239103857,0.5963486425,0.2891866748,7
11,Lung,80000,Uganda,2,0,2011,2.204975382,0.5736952531,0.2661496642,7
11,Lung,80000,Uganda,2,0,2012,2.167005818,0.5517950286,0.3473284288,7
11,Lung,80000,Uganda,2,0,2013,3.880921015,0.9854561828,0.6022380938,13
11,Lung,80000,Uganda,2,0,2014,5.139850921,1.093238683,0.8188476679,15
11,Lung,80000,Uganda,2,0,2015,3.504288441,0.9192794829,0.4594556855,13
11,Lung,80400,Ukraine,1,0,2003,48.30882624,67.26600797,6.659153618,14325
11,Lung,80400,Ukraine,1,0,2004,47.44683767,66.00757151,6.579981993,13912
11,Lung,80400,Ukraine,1,0,2005,47.23626504,65.70715086,6.560826057,13709
11,Lung,80400,Ukraine,1,0,2006,45.47166209,63.21241509,6.311728541,13072
11,Lung,80400,Ukraine,1,0,2007,45.06772703,63.28835317,6.299794823,12997
11,Lung,80400,Ukraine,1,0,2008,43.07226086,60.66134824,6.007034127,12389
11,Lung,80400,Ukraine,1,0,2009,43.02623088,61.04505257,6.01105697,12419
11,Lung,80400,Ukraine,1,0,2010,42.6999714,61.02102294,6.021517224,12366
11,Lung,80400,Ukraine,1,0,2011,42.29466836,60.47248641,5.95455298,12200
11,Lung,80400,Ukraine,1,0,2012,42.01573433,60.20964324,5.927243073,12097
11,Lung,80400,Ukraine,1,0,2013,40.50449097,57.28937481,5.723506643,10832
11,Lung,80400,Ukraine,1,0,2014,40.04982852,56.14476115,5.642446351,9048
11,Lung,80400,Ukraine,1,0,2015,38.08106775,53.78086714,5.370909198,8643
11,Lung,80400,Ukraine,2,0,2003,5.633231181,9.942976374,0.7786053903,2347
11,Lung,80400,Ukraine,2,0,2004,5.788774423,10.14136073,0.7984882309,2370
11,Lung,80400,Ukraine,2,0,2005,5.478591546,9.636791863,0.7614928148,2231
11,Lung,80400,Ukraine,2,0,2006,5.764542604,10.19220469,0.7980988303,2341
11,Lung,80400,Ukraine,2,0,2007,5.634727021,10.07569337,0.7780936067,2301
11,Lung,80400,Ukraine,2,0,2008,5.25664488,9.578284276,0.7307637012,2179
11,Lung,80400,Ukraine,2,0,2009,5.44447347,9.875608318,0.7477082278,2241
11,Lung,80400,Ukraine,2,0,2010,5.659194459,10.44966751,0.7789631441,2362
11,Lung,80400,Ukraine,2,0,2011,5.793368161,10.64803079,0.8016991271,2393
11,Lung,80400,Ukraine,2,0,2012,5.568491859,10.2858973,0.7745734797,2295
11,Lung,80400,Ukraine,2,0,2013,6.057315849,10.92285146,0.8287878367,2286
11,Lung,80400,Ukraine,2,0,2014,5.523437706,9.75721494,0.7527334017,1726
11,Lung,80400,Ukraine,2,0,2015,5.49367471,9.812277376,0.7570152698,1726
11,Lung,84000,USA,1,0,2000,39.60255318,42.23096144,6.037635475,7254
11,Lung,84000,USA,1,0,2001,39.13712691,42.21686203,5.969043521,7314
11,Lung,84000,USA,1,0,2002,37.01368508,40.36954901,5.69616114,7032
11,Lung,84000,USA,1,0,2003,36.74201325,41.0057571,5.662483422,7172
11,Lung,84000,USA,1,0,2004,34.66638809,39.27736481,5.360321108,6899
11,Lung,84000,USA,1,0,2005,33.64537521,38.88995169,5.243725418,6863
11,Lung,84000,USA,1,0,2006,32.89839874,38.61138893,5.086030945,6856
11,Lung,84000,USA,1,0,2007,31.7567419,38.266991,4.922865111,6831
11,Lung,84000,USA,1,0,2008,30.57367575,37.81028093,4.77151708,6807
11,Lung,84000,USA,1,0,2009,29.68927397,37.77732952,4.644880294,6860
11,Lung,84000,USA,1,0,2010,28.04318449,36.67513301,4.414573989,6703
11,Lung,84000,USA,1,0,2011,27.14505801,36.36759308,4.256524585,6698
11,Lung,84000,USA,1,0,2012,26.04423159,36.03759799,4.094588733,6693
11,Lung,84000,USA,1,0,2013,25.15724049,35.77442247,3.98013154,6695
11,Lung,84000,USA,1,0,2014,24.42805931,35.63584086,3.887573638,6717
11,Lung,84000,USA,1,0,2015,23.89366355,35.70936495,3.764621436,6780
11,Lung,84000,USA,1,0,2016,23.26604342,35.50814579,3.673626778,6787
11,Lung,84000,USA,2,0,2000,26.93745904,32.86455177,4.018196293,5653
11,Lung,84000,USA,2,0,2001,26.60470041,32.74661073,3.999350913,5678
11,Lung,84000,USA,2,0,2002,26.67505291,33.19972798,4.007161118,5791
11,Lung,84000,USA,2,0,2003,26.49019834,33.42044355,4.020077914,5861
11,Lung,84000,USA,2,0,2004,25.34732973,32.36691305,3.837443543,5706
11,Lung,84000,USA,2,0,2005,25.47414403,33.0151819,3.887825239,5849
11,Lung,84000,USA,2,0,2006,24.89638576,32.72224701,3.811630717,5835
11,Lung,84000,USA,2,0,2007,24.50983684,32.96307561,3.77688484,5914
11,Lung,84000,USA,2,0,2008,23.57382429,32.36928105,3.611585091,5857
11,Lung,84000,USA,2,0,2009,23.55437171,33.17388396,3.588358625,6056
11,Lung,84000,USA,2,0,2010,21.6840423,31.32439374,3.346605101,5760
11,Lung,84000,USA,2,0,2011,21.69759411,32.00674353,3.354261877,5934
11,Lung,84000,USA,2,0,2012,20.7921861,31.62835649,3.219489795,5913
11,Lung,84000,USA,2,0,2013,20.55177508,32.14335992,3.200868996,6053
11,Lung,84000,USA,2,0,2014,20.53706179,32.94346888,3.189280997,6246
11,Lung,84000,USA,2,0,2015,19.7561063,32.460745,3.080434647,6197
11,Lung,84000,USA,2,0,2016,19.32667194,32.2918101,2.978892651,6203